Residue,Amino_Acid,Chain,RSA
   2,K, ,0.699152542373
   3,N, ,0.394871794872
   4,I, ,0.228426395939
   5,K, ,0.0550847457627
   6,K, ,0.567796610169
   7,G, ,0.211538461538
   8,P, ,0.459119496855
   9,A, ,0.573643410853
  10,P, ,0.232704402516
  11,R, ,0.671532846715
  12,Y, ,0.216730038023
  13,P, ,0.553459119497
  14,L, ,0.393034825871
  15,E, ,0.14798206278
  16,D, ,0.621761658031
  17,G, ,0.0961538461538
  18,T, ,0.0116279069767
  19,A, ,0.0
  20,G, ,0.0
  21,E, ,0.237668161435
  22,Q, ,0.00444444444444
  23,L, ,0.00995024875622
  24,H, ,0.0982142857143
  25,K, ,0.317796610169
  26,A, ,0.0852713178295
  27,M, ,0.00892857142857
  28,K, ,0.283898305085
  29,R, ,0.525547445255
  30,Y, ,0.152091254753
  31,A, ,0.108527131783
  32,Q, ,0.528888888889
  33,V, ,0.396551724138
  34,P, ,0.779874213836
  35,G, ,0.576923076923
  36,T, ,0.220930232558
  37,I, ,0.192893401015
  38,A, ,0.0
  39,F, ,0.00416666666667
  40,T, ,0.0
  41,D, ,0.176165803109
  42,A, ,0.0077519379845
  43,H, ,0.419642857143
  44,I, ,0.548223350254
  45,E, ,0.484304932735
  46,V, ,0.431034482759
  47,N, ,0.338461538462
  48,I, ,0.0913705583756
  49,T, ,0.191860465116
  50,Y, ,0.0
  51,A, ,0.186046511628
  52,E, ,0.408071748879
  53,Y, ,0.0
  54,F, ,0.0
  55,E, ,0.255605381166
  56,M, ,0.0
  57,S, ,0.0
  58,V, ,0.0
  59,R, ,0.105839416058
  60,L, ,0.0398009950249
  61,A, ,0.0
  62,E, ,0.0896860986547
  63,A, ,0.0232558139535
  64,M, ,0.0357142857143
  65,K, ,0.326271186441
  66,R, ,0.518248175182
  67,Y, ,0.186311787072
  68,G, ,0.461538461538
  69,L, ,0.0696517412935
  70,N, ,0.328205128205
  71,T, ,0.401162790698
  72,N, ,0.615384615385
  73,H, ,0.227678571429
  74,R, ,0.255474452555
  75,I, ,0.0
  76,V, ,0.0172413793103
  77,V, ,0.00574712643678
  78,C, ,0.0059880239521
  79,S, ,0.0
  80,E, ,0.206278026906
  81,N, ,0.0717948717949
  82,S, ,0.0516129032258
  83,L, ,0.0696517412935
  84,Q, ,0.208888888889
  85,F, ,0.00416666666667
  86,F, ,0.0
  87,M, ,0.03125
  88,P, ,0.0062893081761
  89,V, ,0.0
  90,L, ,0.0
  91,G, ,0.0
  92,A, ,0.0
  93,L, ,0.0149253731343
  94,F, ,0.0
  95,I, ,0.0253807106599
  96,G, ,0.0192307692308
  97,V, ,0.0
  98,A, ,0.062015503876
  99,V, ,0.0
 100,A, ,0.077519379845
 101,P, ,0.0503144654088
 102,V, ,0.0344827586207
 103,N, ,0.0769230769231
 104,D, ,0.274611398964
 105,I, ,0.517766497462
 106,Y, ,0.102661596958
 107,N, ,0.374358974359
 108,E, ,0.430493273543
 109,R, ,0.689781021898
 110,E, ,0.156950672646
 111,L, ,0.00995024875622
 112,L, ,0.164179104478
 113,N, ,0.430769230769
 114,S, ,0.0967741935484
 115,M, ,0.0401785714286
 116,N, ,0.410256410256
 117,I, ,0.258883248731
 118,S, ,0.0774193548387
 119,Q, ,0.293333333333
 120,P, ,0.0251572327044
 121,T, ,0.156976744186
 122,V, ,0.0
 123,V, ,0.0172413793103
 124,F, ,0.0125
 125,V, ,0.0
 126,S, ,0.0
 127,K, ,0.330508474576
 128,K, ,0.563559322034
 129,G, ,0.0673076923077
 130,L, ,0.00995024875622
 131,Q, ,0.484444444444
 132,K, ,0.283898305085
 133,I, ,0.0152284263959
 134,L, ,0.203980099502
 135,N, ,0.482051282051
 136,V, ,0.0229885057471
 137,Q, ,0.328888888889
 138,K, ,0.775423728814
 139,K, ,0.686440677966
 140,L, ,0.0248756218905
 141,P, ,0.716981132075
 142,I, ,0.294416243655
 143,I, ,0.142131979695
 144,Q, ,0.546666666667
 145,K, ,0.21186440678
 146,I, ,0.0203045685279
 147,I, ,0.0152284263959
 148,I, ,0.0
 149,M, ,0.00892857142857
 150,D, ,0.108808290155
 151,S, ,0.0516129032258
 152,K, ,0.572033898305
 153,T, ,0.546511627907
 154,D, ,0.652849740933
 155,Y, ,0.22433460076
 156,Q, ,0.6
 157,G, ,0.701923076923
 158,F, ,0.216666666667
 159,Q, ,0.244444444444
 160,S, ,0.0
 161,M, ,0.0178571428571
 162,Y, ,0.384030418251
 163,T, ,0.244186046512
 164,F, ,0.1125
 165,V, ,0.0287356321839
 166,T, ,0.546511627907
 167,S, ,0.412903225806
 168,H, ,0.254464285714
 169,L, ,0.253731343284
 170,P, ,0.176100628931
 171,P, ,0.88679245283
 172,G, ,0.711538461538
 173,F, ,0.154166666667
 174,N, ,0.497435897436
 175,E, ,0.188340807175
 176,Y, ,0.346007604563
 177,D, ,0.652849740933
 178,F, ,0.0625
 179,K, ,0.724576271186
 180,P, ,0.0880503144654
 181,E, ,0.322869955157
 182,S, ,0.509677419355
 183,F, ,0.154166666667
 184,D, ,0.533678756477
 185,R, ,0.339416058394
 186,D, ,0.487046632124
 187,K, ,0.656779661017
 188,T, ,0.104651162791
 189,I, ,0.172588832487
 190,A, ,0.015503875969
 191,L, ,0.00497512437811
 192,I, ,0.137055837563
 193,M, ,0.0357142857143
 194,N, ,0.107692307692
 195,S, ,0.129032258065
 196,S, ,0.458064516129
 197,G, ,0.153846153846
 198,S, ,0.548387096774
 199,T, ,0.813953488372
 200,G, ,0.528846153846
 201,L, ,0.452736318408
 202,P, ,0.11320754717
 203,K, ,0.377118644068
 204,G, ,0.00961538461538
 205,V, ,0.0
 206,A, ,0.046511627907
 207,L, ,0.00995024875622
 208,P, ,0.0062893081761
 209,H, ,0.00446428571429
 210,R, ,0.226277372263
 211,C, ,0.0
 212,A, ,0.062015503876
 213,C, ,0.059880239521
 214,V, ,0.0402298850575
 215,R, ,0.0802919708029
 216,F, ,0.0208333333333
 217,S, ,0.0
 218,H, ,0.00446428571429
 219,A, ,0.077519379845
 220,R, ,0.043795620438
 221,D, ,0.0103626943005
 222,P, ,0.25786163522
 223,I, ,0.172588832487
 224,F, ,0.0458333333333
 225,G, ,0.0961538461538
 226,N, ,0.14358974359
 227,Q, ,0.302222222222
 228,I, ,0.441624365482
 229,K, ,0.533898305085
 230,P, ,0.767295597484
 231,G, ,0.730769230769
 232,T, ,0.116279069767
 233,A, ,0.031007751938
 234,I, ,0.0203045685279
 235,L, ,0.0
 236,S, ,0.0
 237,V, ,0.114942528736
 238,V, ,0.0
 239,P, ,0.207547169811
 240,F, ,0.0
 241,H, ,0.0714285714286
 242,H, ,0.111607142857
 243,G, ,0.0288461538462
 244,F, ,0.108333333333
 245,G, ,0.0
 246,M, ,0.0
 247,F, ,0.0208333333333
 248,T, ,0.093023255814
 249,T, ,0.0
 250,L, ,0.0348258706468
 251,G, ,0.0288461538462
 252,Y, ,0.15969581749
 253,L, ,0.00995024875622
 254,I, ,0.00507614213198
 255,C, ,0.0239520958084
 256,G, ,0.163461538462
 257,F, ,0.0291666666667
 258,R, ,0.200729927007
 259,V, ,0.0
 260,V, ,0.0
 261,L, ,0.0
 262,M, ,0.0446428571429
 263,Y, ,0.51711026616
 264,R, ,0.751824817518
 265,F, ,0.2875
 266,E, ,0.358744394619
 267,E, ,0.233183856502
 268,E, ,0.47533632287
 269,L, ,0.044776119403
 270,F, ,0.0125
 271,L, ,0.0
 272,R, ,0.266423357664
 273,S, ,0.00645161290323
 274,L, ,0.0298507462687
 275,Q, ,0.297777777778
 276,D, ,0.362694300518
 277,Y, ,0.0684410646388
 278,K, ,0.593220338983
 279,I, ,0.00507614213198
 280,Q, ,0.133333333333
 281,S, ,0.0516129032258
 282,A, ,0.015503875969
 283,L, ,0.0248756218905
 284,L, ,0.0248756218905
 285,V, ,0.109195402299
 286,P, ,0.106918238994
 287,T, ,0.331395348837
 288,L, ,0.0547263681592
 289,F, ,0.0
 290,S, ,0.0645161290323
 291,F, ,0.329166666667
 292,F, ,0.0
 293,A, ,0.178294573643
 294,K, ,0.199152542373
 295,S, ,0.0129032258065
 296,T, ,0.709302325581
 297,L, ,0.213930348259
 298,I, ,0.0507614213198
 299,D, ,0.839378238342
 300,K, ,0.610169491525
 301,Y, ,0.152091254753
 302,D, ,0.549222797927
 303,L, ,0.189054726368
 304,S, ,0.703225806452
 305,N, ,0.369230769231
 306,L, ,0.0796019900498
 307,H, ,0.379464285714
 308,E, ,0.112107623318
 309,I, ,0.0304568527919
 310,A, ,0.124031007752
 311,S, ,0.0387096774194
 312,G, ,0.0192307692308
 313,G, ,0.144230769231
 314,A, ,0.062015503876
 315,P, ,0.301886792453
 316,L, ,0.1592039801
 317,S, ,0.277419354839
 318,K, ,0.377118644068
 319,E, ,0.403587443946
 320,V, ,0.0689655172414
 321,G, ,0.0192307692308
 322,E, ,0.493273542601
 323,A, ,0.178294573643
 324,V, ,0.0114942528736
 325,A, ,0.0542635658915
 326,K, ,0.618644067797
 327,R, ,0.36496350365
 328,F, ,0.0416666666667
 329,H, ,0.669642857143
 330,L, ,0.089552238806
 331,P, ,0.830188679245
 332,G, ,0.336538461538
 333,I, ,0.218274111675
 334,R, ,0.0875912408759
 335,Q, ,0.0444444444444
 336,G, ,0.134615384615
 337,Y, ,0.0114068441065
 338,G, ,0.173076923077
 339,L, ,0.10447761194
 340,T, ,0.0813953488372
 341,E, ,0.0582959641256
 342,T, ,0.0
 343,T, ,0.0232558139535
 344,S, ,0.0967741935484
 345,A, ,0.100775193798
 346,I, ,0.0203045685279
 347,L, ,0.0199004975124
 348,I, ,0.0456852791878
 349,T, ,0.0755813953488
 350,P, ,0.0440251572327
 351,R, ,0.20802919708
 352,G, ,0.519230769231
 353,D, ,0.466321243523
 354,Y, ,0.608365019011
 355,K, ,0.275423728814
 356,P, ,0.591194968553
 357,G, ,0.403846153846
 358,A, ,0.100775193798
 359,V, ,0.0172413793103
 360,G, ,0.00961538461538
 361,K, ,0.161016949153
 362,V, ,0.0229885057471
 363,V, ,0.0
 364,P, ,0.0
 365,F, ,0.341666666667
 366,F, ,0.025
 367,E, ,0.210762331839
 368,A, ,0.0232558139535
 369,K, ,0.0805084745763
 370,V, ,0.0
 371,V, ,0.00574712643678
 372,D, ,0.388601036269
 373,L, ,0.393034825871
 374,D, ,0.860103626943
 375,T, ,0.523255813953
 376,G, ,0.269230769231
 377,K, ,0.665254237288
 378,T, ,0.383720930233
 379,L, ,0.0646766169154
 380,G, ,0.0576923076923
 381,V, ,0.33908045977
 382,N, ,0.415384615385
 383,Q, ,0.453333333333
 384,R, ,0.521897810219
 385,G, ,0.0192307692308
 386,E, ,0.174887892377
 387,L, ,0.00497512437811
 388,C, ,0.0
 389,V, ,0.0172413793103
 390,R, ,0.211678832117
 391,G, ,0.25
 392,P, ,0.251572327044
 393,M, ,0.0
 394,I, ,0.0964467005076
 395,M, ,0.0267857142857
 396,S, ,0.451612903226
 397,G, ,0.0961538461538
 398,Y, ,0.140684410646
 399,V, ,0.206896551724
 400,N, ,0.820512820513
 401,N, ,0.241025641026
 402,P, ,0.584905660377
 403,E, ,0.766816143498
 404,A, ,0.348837209302
 405,T, ,0.0988372093023
 406,N, ,0.605128205128
 407,A, ,0.651162790698
 408,L, ,0.233830845771
 409,I, ,0.187817258883
 410,D, ,0.455958549223
 411,K, ,0.89406779661
 412,D, ,0.507772020725
 413,G, ,0.298076923077
 414,W, ,0.0771929824561
 415,L, ,0.00995024875622
 416,H, ,0.191964285714
 417,T, ,0.0988372093023
 418,G, ,0.423076923077
 419,D, ,0.0777202072539
 420,I, ,0.0812182741117
 421,A, ,0.0
 422,Y, ,0.178707224335
 423,W, ,0.0210526315789
 424,D, ,0.113989637306
 425,E, ,0.7533632287
 426,D, ,0.528497409326
 427,E, ,0.32735426009
 428,H, ,0.0267857142857
 429,F, ,0.0
 430,F, ,0.125
 431,I, ,0.126903553299
 432,V, ,0.103448275862
 433,D, ,0.248704663212
 434,R, ,0.229927007299
 435,L, ,0.348258706468
 436,K, ,0.593220338983
 437,S, ,0.122580645161
 438,L, ,0.0746268656716
 439,I, ,0.00507614213198
 440,K, ,0.381355932203
 441,Y, ,0.0608365019011
 442,K, ,0.597457627119
 443,G, ,0.682692307692
 444,Y, ,0.577946768061
 445,Q, ,0.484444444444
 446,V, ,0.0574712643678
 447,A, ,0.170542635659
 448,P, ,0.0566037735849
 449,A, ,0.178294573643
 450,E, ,0.421524663677
 451,L, ,0.0199004975124
 452,E, ,0.156950672646
 453,S, ,0.0774193548387
 454,I, ,0.213197969543
 455,L, ,0.0696517412935
 456,L, ,0.139303482587
 457,Q, ,0.604444444444
 458,H, ,0.223214285714
 459,P, ,0.691823899371
 460,N, ,0.671794871795
 461,I, ,0.172588832487
 462,R, ,0.726277372263
 463,D, ,0.165803108808
 464,A, ,0.124031007752
 465,G, ,0.0
 466,V, ,0.0287356321839
 467,A, ,0.046511627907
 468,G, ,0.0769230769231
 469,L, ,0.164179104478
 470,P, ,0.301886792453
 471,D, ,0.481865284974
 472,D, ,0.917098445596
 473,D, ,0.891191709845
 474,A, ,0.100775193798
 475,G, ,0.307692307692
 476,E, ,0.0582959641256
 477,L, ,0.114427860697
 478,P, ,0.0
 479,A, ,0.0
 480,A, ,0.0232558139535
 481,V, ,0.0114942528736
 482,V, ,0.183908045977
 483,V, ,0.229885057471
 484,L, ,0.323383084577
 485,E, ,0.811659192825
 486,H, ,0.6875
 487,G, ,0.596153846154
 488,K, ,0.720338983051
 489,T, ,0.866279069767
 490,M, ,0.334821428571
 491,T, ,0.296511627907
 492,E, ,0.354260089686
 493,K, ,0.665254237288
 494,E, ,0.618834080717
 495,I, ,0.0609137055838
 496,V, ,0.172413793103
 497,D, ,0.585492227979
 498,Y, ,0.155893536122
 499,V, ,0.0
 500,A, ,0.240310077519
 501,S, ,0.606451612903
 502,Q, ,0.431111111111
 503,V, ,0.132183908046
 504,T, ,0.540697674419
 505,T, ,0.418604651163
 506,A, ,0.170542635659
 507,K, ,0.283898305085
 508,K, ,0.245762711864
 509,L, ,0.00497512437811
 510,R, ,0.405109489051
 511,G, ,0.182692307692
 512,G, ,0.0576923076923
 513,V, ,0.0632183908046
 514,V, ,0.212643678161
 515,F, ,0.3375
 516,V, ,0.149425287356
 517,D, ,0.818652849741
 518,E, ,0.695067264574
 519,V, ,0.195402298851
 520,P, ,0.220125786164
 521,K, ,0.322033898305
 522,G, ,0.25
 523,L, ,0.218905472637
 524,T, ,0.122093023256
 525,G, ,0.0961538461538
 526,K, ,0.14406779661
 527,L, ,0.144278606965
 528,D, ,0.274611398964
 529,A, ,0.186046511628
 530,R, ,0.532846715328
 531,K, ,0.453389830508
 532,I, ,0.0203045685279
 533,R, ,0.339416058394
 534,E, ,0.591928251121
 535,I, ,0.482233502538
 536,L, ,0.0746268656716
 537,I, ,0.58883248731
