resnam,resnum,wcnSC,wcnCA
ALA,1,0.691743872483,0.743780205149
LYS,2,0.655401152267,0.856753423627
ASN,3,0.869319879105,1.01704773831
ILE,4,0.985806494809,1.14631104779
LYS,5,1.09658099637,1.24273151147
LYS,6,0.945036846962,1.25845212959
GLY,7,1.24721810715,1.34616871497
PRO,8,1.10006991391,1.11451546065
ALA,9,0.892710701132,1.04882364314
PRO,10,1.09428501452,1.20064835964
ARG,11,0.903817554129,1.0978427379
TYR,12,1.15664858412,1.22721893637
PRO,13,0.907346097607,1.10191606439
LEU,14,1.1701592736,1.19915676705
GLU,15,1.11337513837,1.10980619992
ASP,16,0.886972565167,1.03046474456
GLY,17,1.13608397449,1.19982152983
THR,18,1.3412175504,1.40757269855
ALA,19,1.58874712365,1.58332125881
GLY,20,1.48679656,1.59311056561
GLU,21,1.22519294754,1.38570888325
GLN,22,1.32468604717,1.40540881859
LEU,23,1.53189177039,1.53356436549
HIS,24,1.23880537878,1.44053919897
LYS,25,1.0219884365,1.25317181727
ALA,26,1.28547157954,1.36273572614
MET,27,1.42342262774,1.46312169429
LYS,28,0.967797136444,1.27070663159
ARG,29,0.917340436398,1.15709846278
TYR,30,1.26045720521,1.30701901997
ALA,31,1.18255206108,1.31010095367
GLN,32,0.848388981016,1.01769649884
VAL,33,0.888843509923,0.99665089303
PRO,34,0.723984125528,0.893407823453
GLY,35,0.875372182723,0.965700116932
THR,36,1.08264414046,1.21316168506
ILE,37,1.17530480988,1.37794493223
ALA,38,1.44591531622,1.55763914783
PHE,39,1.52476685236,1.5680072485
THR,40,1.33960631241,1.46828884834
ASP,41,1.25415719264,1.38127833746
ALA,42,1.32232511169,1.3252345788
HIS,43,0.986491146863,1.12574980704
ILE,44,0.905987979955,0.964104196286
GLU,45,0.917516464432,1.07755483928
VAL,46,0.992315231716,1.10865281528
ASN,47,1.06193178275,1.20815332525
ILE,48,1.30136071482,1.31486963894
THR,49,1.12634202638,1.36800871049
TYR,50,1.39589273867,1.45739055894
ALA,51,1.0924679496,1.28459706687
GLU,52,1.09080846403,1.26366345394
TYR,53,1.48813534508,1.47682075307
PHE,54,1.30082796952,1.47697089582
GLU,55,1.11367504927,1.33143306977
MET,56,1.32115417608,1.39337034852
SER,57,1.48392374901,1.58164429
VAL,58,1.30220356345,1.45517238045
ARG,59,1.13435201803,1.35119813968
LEU,60,1.42196478547,1.48016903816
ALA,61,1.4091286232,1.52602840646
GLU,62,1.10560508302,1.29949799533
ALA,63,1.19058952342,1.34175623778
MET,64,1.35088007976,1.37429590117
LYS,65,1.01021776454,1.26546004518
ARG,66,0.845369009146,1.10032641332
TYR,67,1.03314996862,1.08260586295
GLY,68,0.879728507847,0.999475625529
LEU,69,1.2358023673,1.20352468744
ASN,70,0.976460187925,1.17910341913
THR,71,1.09177547591,1.23742569244
ASN,72,0.897000145032,1.09692771002
HIS,73,1.09217983498,1.27880561446
ARG,74,1.17063944462,1.48828623107
ILE,75,1.50261981912,1.58624534741
VAL,76,1.49131695929,1.62859918283
VAL,77,1.5994513917,1.6610151441
CYS,78,1.5044913803,1.59149967632
SER,79,1.56984479659,1.54873059368
GLU,80,1.35796517095,1.46372054918
ASN,81,1.55540517123,1.56705234518
SER,82,1.45894929871,1.49705281381
LEU,83,1.32490520679,1.43318416109
GLN,84,1.35581285563,1.49944959326
PHE,85,1.62532873949,1.61505482821
PHE,86,1.64725628751,1.64459233229
MET,87,1.47689246105,1.61372445988
PRO,88,1.576293631,1.62876226815
VAL,89,1.66194756617,1.70188826449
LEU,90,1.58465233758,1.67327727966
GLY,91,1.56550044438,1.67464544378
ALA,92,1.5831240529,1.6719697834
LEU,93,1.6127889494,1.68104403568
PHE,94,1.47674573625,1.58928884577
ILE,95,1.35099022352,1.47316186535
GLY,96,1.40582186911,1.50567027067
VAL,97,1.41476054547,1.57173572893
ALA,98,1.43387680016,1.64012924496
VAL,99,1.6539280526,1.71648042558
ALA,100,1.56430760221,1.69587255642
PRO,101,1.6434653789,1.70056190452
VAL,102,1.50723875708,1.58855791651
ASN,103,1.55272049246,1.52819321918
ASP,104,1.32048426033,1.36130794057
ILE,105,1.29689659571,1.26919814303
TYR,106,1.40282984852,1.31569138382
ASN,107,1.01541190583,1.12452288344
GLU,108,0.955282844665,1.1201562426
ARG,109,0.788804464845,1.06604494537
GLU,110,1.22166817935,1.25988804473
LEU,111,1.27786985835,1.36901121072
LEU,112,1.01947991704,1.23984365464
ASN,113,1.03030673217,1.21183366653
SER,114,1.36468494337,1.41084108612
MET,115,1.36860930034,1.39893202129
ASN,116,1.0225270868,1.21253485308
ILE,117,1.28816438964,1.2946882007
SER,118,1.3790301093,1.36372185491
GLN,119,1.0058025256,1.22597744866
PRO,120,1.3427499055,1.39849684538
THR,121,1.11141183576,1.29744149002
VAL,122,1.28609707115,1.40241118872
VAL,123,1.33117587965,1.47582688917
PHE,124,1.47217143945,1.56054763858
VAL,125,1.38754037851,1.55093188501
SER,126,1.46283626436,1.47694490245
LYS,127,1.06871460921,1.20348485126
LYS,128,1.03977037079,1.13762270345
GLY,129,1.29337417467,1.3489815236
LEU,130,1.13551121721,1.26914790724
GLN,131,0.860216171509,1.08499771674
LYS,132,1.13567148242,1.1857900759
ILE,133,1.30195489987,1.29164447193
LEU,134,0.993624056083,1.11274817816
ASN,135,0.878409213741,1.02004224089
VAL,136,1.13426604651,1.15024582078
GLN,137,0.938433748532,1.11173002154
LYS,138,0.640336313427,0.897174080206
LYS,139,0.717647543574,0.918324590255
LEU,140,1.12647965411,1.10710627114
PRO,141,0.741959199847,0.941524136939
ILE,142,0.96406287569,1.04612013032
ILE,143,1.1202427007,1.19728436296
GLN,144,0.905080224017,1.04513156301
LYS,145,1.02025002561,1.15119135124
ILE,146,1.16858393394,1.27152453063
ILE,147,1.25019047885,1.37713618255
ILE,148,1.23997420109,1.44099259637
MET,149,1.50464056662,1.49502275423
ASP,150,1.30689683908,1.3062675569
SER,151,1.13894556252,1.19391796935
LYS,152,0.94594934473,1.06109609717
THR,153,0.772134294008,0.954611594532
ASP,154,0.748211448379,0.934761771591
TYR,155,0.983570566844,0.992082843467
GLN,156,0.788174148786,0.842019616966
GLY,157,0.724191938635,0.823049535506
PHE,158,0.97044051442,1.03950518141
GLN,159,0.9204213027,1.12604403278
SER,160,1.14387436332,1.34109441276
MET,161,1.35912547073,1.39349982148
TYR,162,1.07574835309,1.21883629382
THR,163,0.959497145904,1.1031130819
PHE,164,1.09071225821,1.15634969522
VAL,165,1.19526958649,1.25244701795
THR,166,0.876536824455,1.02716046226
SER,167,0.891041197693,0.940467200489
HIS,168,0.917368296417,1.00704248922
LEU,169,0.979383991643,1.01369718488
PRO,170,0.826003029374,0.828786259239
PRO,171,0.552049120236,0.686594221809
GLY,172,0.600620024494,0.701074254914
PHE,173,0.980341621589,0.893715953198
ASN,174,0.724734722137,0.916844885539
GLU,175,1.05475684875,1.11718018939
TYR,176,0.92099276545,0.984315039632
ASP,177,0.746016711048,0.910735669418
PHE,178,1.16265086778,1.09919211069
LYS,179,0.76981600876,1.03625992179
PRO,180,1.19531658902,1.23781652495
GLU,181,1.07215688458,1.17465996858
SER,182,0.970113753718,1.07896185021
PHE,183,1.24862269148,1.08736526509
ASP,184,0.905238021632,1.08558902763
ARG,185,1.0683037145,1.29569253972
ASP,186,1.01168815783,1.19039338107
LYS,187,0.851588899205,1.17928406294
THR,188,1.25503294798,1.35310793336
ILE,189,1.3800258693,1.55922848114
ALA,190,1.61718985288,1.68744584303
LEU,191,1.67813442498,1.72954928926
ILE,192,1.4718084761,1.67951716884
MET,193,1.65983851364,1.69629851449
ASN,194,1.50113423198,1.61834838554
SER,195,1.50862220749,1.57191868879
SER,196,1.48792267567,1.47836830952
GLY,197,1.40840870656,1.42729628859
SER,198,1.27278986051,1.26889169578
THR,199,1.00119792403,1.09465590941
GLY,200,1.06260915023,1.11694184527
LEU,201,1.03077866666,1.17989695178
PRO,202,1.40562515624,1.42179012211
LYS,203,1.14913997201,1.38363263212
GLY,204,1.44103914523,1.54298205011
VAL,205,1.5823632439,1.64858345683
ALA,206,1.45559158486,1.62127558777
LEU,207,1.63301710079,1.68837887691
PRO,208,1.39949227642,1.61697936791
HIS,209,1.5194476923,1.61930380196
ARG,210,1.26764938868,1.49172709638
CYS,211,1.55009048458,1.67356388976
ALA,212,1.62517668758,1.68839101714
CYS,213,1.44573345026,1.57575414944
VAL,214,1.42418618627,1.54665213737
ARG,215,1.64976359617,1.69661364365
PHE,216,1.57750389547,1.62899865689
SER,217,1.36238983022,1.54368282984
HIS,218,1.52832148374,1.61846349217
ALA,219,1.55261920213,1.66551003701
ARG,220,1.36926176305,1.4943595373
ASP,221,1.300106309,1.44531577459
PRO,222,1.0934971904,1.28237229942
ILE,223,1.14725597874,1.32797133546
PHE,224,1.41485163941,1.53425142778
GLY,225,1.44115069878,1.58510816985
ASN,226,1.36162518447,1.41772366285
GLN,227,1.05833702737,1.23579296688
ILE,228,1.09908257098,1.19554429567
LYS,229,0.930325331714,1.08772630421
PRO,230,0.846990202332,1.02994167645
GLY,231,1.00927994768,1.10606670573
THR,232,1.26692283268,1.32191077748
ALA,233,1.34992192596,1.51508527472
ILE,234,1.54351266724,1.63230601737
LEU,235,1.52025604862,1.62829346769
SER,236,1.62462727178,1.66724232171
VAL,237,1.50983097369,1.59061046243
VAL,238,1.73031985088,1.68552693579
PRO,239,1.55070022979,1.6516569307
PHE,240,1.6923434761,1.76484966031
HIS,241,1.5553652224,1.70905698928
HIS,242,1.66532749323,1.73211108287
GLY,243,1.73135782666,1.77054815796
PHE,244,1.78129134527,1.78514286041
GLY,245,1.75587086653,1.83582835881
MET,246,1.71668219425,1.80339819482
PHE,247,1.7255740039,1.77609746432
THR,248,1.69650872246,1.7612355231
THR,249,1.69718332826,1.74428396842
LEU,250,1.66117542298,1.71551934677
GLY,251,1.63563522365,1.71636608963
TYR,252,1.62290695001,1.68242452994
LEU,253,1.56098923147,1.65020257313
ILE,254,1.50299810761,1.55976981385
CYS,255,1.43289855693,1.49617931442
GLY,256,1.40931019524,1.47948794808
PHE,257,1.42911352795,1.55151439703
ARG,258,1.2738723896,1.57991492061
VAL,259,1.57544391401,1.65225749989
VAL,260,1.46600097121,1.58786730045
LEU,261,1.4624487117,1.55764980878
MET,262,1.34340229116,1.41891946262
TYR,263,1.07755032609,1.32598358133
ARG,264,0.976744955881,1.22511021736
PHE,265,1.28403946824,1.27744143373
GLU,266,1.03279240807,1.16386041716
GLU,267,1.12106519704,1.18922358255
GLU,268,0.921461112904,1.0945557012
LEU,269,1.16489022438,1.21061998503
PHE,270,1.41779184954,1.38199436292
LEU,271,1.1893576106,1.30678895604
ARG,272,0.967180006265,1.1970223068
SER,273,1.31738074347,1.35856598012
LEU,274,1.31787574397,1.39245876715
GLN,275,0.936277266237,1.19178818687
ASP,276,0.985922395522,1.09414034574
TYR,277,1.17348465732,1.21322339276
LYS,278,0.841169581052,1.20248064572
ILE,279,1.39641700938,1.45498758491
GLN,280,1.20007185362,1.39962937666
SER,281,1.45046827067,1.52887177163
ALA,282,1.52907022933,1.62416387397
LEU,283,1.6744559663,1.69255886247
LEU,284,1.57018631341,1.64302541986
VAL,285,1.58503246992,1.65957096181
PRO,286,1.67081631701,1.64706261708
THR,287,1.45955638248,1.51319910729
LEU,288,1.45092627684,1.49560305874
PHE,289,1.56711038326,1.54037737602
SER,290,1.38320192408,1.44945426283
PHE,291,1.18254263369,1.35342222263
PHE,292,1.35822940664,1.37928137112
ALA,293,1.27823006108,1.3483949555
LYS,294,1.09870495579,1.13962189178
SER,295,1.15012304202,1.14174567733
THR,296,0.812364486963,0.945821013292
LEU,297,0.922729004511,0.98256408852
ILE,298,1.10013405059,1.09025670401
ASP,299,0.709111197289,0.887502481605
LYS,300,0.718064875124,0.862746405732
TYR,301,0.958510646523,1.03040989323
ASP,302,0.822690603254,1.0235794939
LEU,303,1.04023105941,1.14309454402
SER,304,0.779146690013,0.977347822638
ASN,305,0.980172404856,1.14435923912
LEU,306,1.28024814339,1.34184979477
HIS,307,1.14562703906,1.22397035265
GLU,308,1.3706056382,1.39994164921
ILE,309,1.45713644675,1.55803120456
ALA,310,1.57622854152,1.68267410436
SER,311,1.70451261202,1.73548583726
GLY,312,1.78473777054,1.77250538699
GLY,313,1.77918549519,1.72601590878
ALA,314,1.66760800097,1.65788578201
PRO,315,1.54365939062,1.59843736032
LEU,316,1.55592375799,1.560001073
SER,317,1.3828801192,1.44936390165
LYS,318,1.11056224964,1.34955269944
GLU,319,1.17652522683,1.26704062223
VAL,320,1.41906474815,1.46720281374
GLY,321,1.45348080721,1.50456146718
GLU,322,1.08067410935,1.3313491974
ALA,323,1.21719483778,1.3226395812
VAL,324,1.39265686153,1.42427823872
ALA,325,1.24218538675,1.38237255917
LYS,326,0.885343453872,1.14024116774
ARG,327,0.985162014407,1.12810151556
PHE,328,1.24741878524,1.20878477946
HIS,329,0.793768038662,1.06433378176
LEU,330,1.18582523017,1.21237702913
PRO,331,0.975522620624,1.08176494887
GLY,332,1.18059495872,1.29430566265
ILE,333,1.46501273669,1.4969156416
ARG,334,1.41739865896,1.58255396855
GLN,335,1.60123028246,1.7040265283
GLY,336,1.6901790036,1.78833608458
TYR,337,1.67001454547,1.76483638076
GLY,338,1.70770357637,1.74027583307
LEU,339,1.59545223453,1.67970917891
THR,340,1.64816299249,1.71283352029
GLU,341,1.56907398912,1.64471186712
THR,342,1.62689224269,1.72170065304
THR,343,1.70286542519,1.76375027326
SER,344,1.72595105242,1.77435832756
ALA,345,1.71242523415,1.79409550235
ILE,346,1.63392495828,1.68625757403
LEU,347,1.5427671757,1.7113541895
ILE,348,1.58446002468,1.71675885107
THR,349,1.42931085433,1.60039345058
PRO,350,1.30236293906,1.40097758327
ARG,351,1.13629818455,1.23798022464
GLY,352,0.946825746979,0.997882076773
ASP,353,0.991116275287,1.07471193274
TYR,354,1.05554832527,1.13940741303
LYS,355,1.09597266835,1.16354916344
PRO,356,0.995816170169,1.18153693121
GLY,357,1.23748899412,1.33282911692
ALA,358,1.35989972057,1.47586088412
VAL,359,1.55364658913,1.63626506643
GLY,360,1.48202734039,1.6272809481
LYS,361,1.25013776393,1.52037436037
VAL,362,1.38327714426,1.54806279027
VAL,363,1.53101368515,1.55754910438
PRO,364,1.34643506062,1.40839313277
PHE,365,1.21000459664,1.28759770879
PHE,366,1.4632139202,1.44396336413
GLU,367,1.12317559971,1.34938712058
ALA,368,1.36578817315,1.4542026481
LYS,369,1.21322189255,1.36775778153
VAL,370,1.27933544026,1.40666849064
VAL,371,1.21531672012,1.3181066944
ASP,372,0.950541072418,1.13346741288
LEU,373,1.07717711969,1.07349191942
ASP,374,0.738362483171,0.865215355205
THR,375,0.776971742836,0.868961573031
GLY,376,0.980538781405,1.05054044051
LYS,377,0.658583645175,0.949516080836
THR,378,0.974920872554,1.05833649082
LEU,379,1.03650378832,1.08913463091
GLY,380,0.937839744868,1.01923537172
VAL,381,0.903155820656,1.0287532852
ASN,382,0.922235473226,1.07211250124
GLN,383,0.870609798917,1.07753519127
ARG,384,1.06197621463,1.21173877757
GLY,385,1.20776276185,1.32888043182
GLU,386,1.30641687424,1.435871049
LEU,387,1.50486695661,1.52974969427
CYS,388,1.37098519406,1.48465217414
VAL,389,1.48439669161,1.51013410164
ARG,390,1.11920612268,1.40833747137
GLY,391,1.27951210331,1.36805899692
PRO,392,1.26783409171,1.38065764993
MET,393,1.59233026369,1.638055554
ILE,394,1.39852201824,1.57154708194
MET,395,1.49908299006,1.57398346477
SER,396,1.24225594854,1.33043085227
GLY,397,1.30354869657,1.34005584572
TYR,398,1.34970203753,1.39632088855
VAL,399,1.27867217331,1.31991755785
ASN,400,0.900062535044,1.04837266687
ASN,401,1.06086011405,1.11007984971
PRO,402,0.826170000021,1.01665203246
GLU,403,0.738242261584,0.942382246289
ALA,404,1.02305909242,1.08488416531
THR,405,1.16802764073,1.24324071726
ASN,406,0.864971364241,1.06961552972
ALA,407,0.904070875177,1.02263822145
LEU,408,1.16321743643,1.21407530352
ILE,409,1.16815573008,1.22079284863
ASP,410,0.869819986695,0.994484765686
LYS,411,0.603285859776,0.849791944416
ASP,412,0.822047101666,0.931634575138
GLY,413,1.01320766091,1.14870535388
TRP,414,1.16190611464,1.27849859687
LEU,415,1.40428935314,1.42056137352
HIS,416,1.2045726041,1.40458160455
THR,417,1.5061918562,1.46734892181
GLY,418,1.32628706192,1.34936452903
ASP,419,1.47090789501,1.47612513518
ILE,420,1.31189511713,1.47862790253
ALA,421,1.43135421,1.5061273645
TYR,422,1.17760896242,1.3948541037
TRP,423,1.15448487066,1.36174795372
ASP,424,1.062843343,1.15491690419
GLU,425,0.769011286846,0.919871933917
ASP,426,0.876985360363,0.982763144196
GLU,427,1.0289212036,1.20110519757
HIS,428,1.27991182043,1.36688039543
PHE,429,1.36959845854,1.51509914124
PHE,430,1.26357197579,1.49270210551
ILE,431,1.53108889999,1.52960815353
VAL,432,1.29904185851,1.42837336007
ASP,433,1.40219923906,1.4365322078
ARG,434,1.38398371743,1.40769208828
LEU,435,1.10313140152,1.27782527626
LYS,436,1.0877376165,1.19031989727
SER,437,1.33379834447,1.36055123399
LEU,438,1.24053465113,1.37332502232
ILE,439,1.30998111721,1.36623480845
LYS,440,0.964949811816,1.19069579103
TYR,441,0.978492717267,1.16149219117
LYS,442,0.726788612406,0.90998457158
GLY,443,0.717061979236,0.810137676927
TYR,444,0.784246142402,0.982107489904
GLN,445,0.993282211189,1.15895023734
VAL,446,1.14766222415,1.25550098209
ALA,447,1.26634709586,1.34679338637
PRO,448,1.41308801422,1.45763030898
ALA,449,1.42469832588,1.45788476072
GLU,450,1.19386437626,1.33781615863
LEU,451,1.28202495469,1.36273632315
GLU,452,1.41661127784,1.46116603167
SER,453,1.29171329181,1.38675308949
ILE,454,1.09446368779,1.25621326292
LEU,455,1.26687156934,1.30895905506
LEU,456,1.27145994477,1.33083922212
GLN,457,0.941591180752,1.15207722855
HIS,458,0.962919278145,1.05299323433
PRO,459,0.782372268374,0.923013719701
ASN,460,0.808070492422,0.966722810649
ILE,461,1.03753024649,1.09808334158
ARG,462,0.992691310099,1.15769595075
ASP,463,1.28402935764,1.29837427701
ALA,464,1.34541019632,1.37545347208
GLY,465,1.45465500841,1.44081339749
VAL,466,1.4286353992,1.47795063716
ALA,467,1.36673684334,1.4252193621
GLY,468,1.29885087199,1.3641979095
LEU,469,1.04219042229,1.19704022078
PRO,470,0.935089377635,1.02854976854
ASP,471,0.801337643614,0.897831116052
ASP,472,0.58064428637,0.73390089884
ASP,473,0.571539727819,0.691874759894
ALA,474,0.871440845254,0.908388670907
GLY,475,0.856839070103,1.03083900961
GLU,476,1.09774736837,1.25012364291
LEU,477,1.0177703867,1.2365186727
PRO,478,1.23414021488,1.37860443409
ALA,479,1.29727086301,1.38216390278
ALA,480,1.34401648587,1.39964045375
VAL,481,1.31234492389,1.34325143772
VAL,482,1.16176792389,1.25880868894
VAL,483,1.05611928931,1.13715786123
LEU,484,0.871459537232,0.992557752415
GLU,485,0.783607273111,0.873062000507
HIS,486,0.635905710306,0.749696593457
GLY,487,0.692396520046,0.759678208678
LYS,488,0.517972896026,0.706763024425
THR,489,0.556625532279,0.705978607909
MET,490,0.886274397264,0.850046111862
THR,491,0.802305154435,0.891226645463
GLU,492,0.892902103446,0.991615966467
LYS,493,0.652626198479,0.896912275513
GLU,494,0.702049757555,0.906958490041
ILE,495,1.05865349148,1.10527640943
VAL,496,0.991794047952,1.12349529592
ASP,497,0.746222421342,0.959876923107
TYR,498,0.9793702384,1.02689708183
VAL,499,1.15281135382,1.15064104335
ALA,500,0.88781496865,1.00425300158
SER,501,0.729675551065,0.832044834468
GLN,502,0.885812893567,0.90023136725
VAL,503,1.02254272931,0.983398261272
THR,504,0.77341217005,0.893133481258
THR,505,0.754993719888,0.891644487509
ALA,506,0.947203535886,1.01870029397
LYS,507,1.05007583661,1.17623202538
LYS,508,0.895001688311,1.16252774218
LEU,509,1.25383914186,1.25831382239
ARG,510,0.882287518252,1.05785949649
GLY,511,1.12947252077,1.15561559544
GLY,512,1.0687446967,1.11188428159
VAL,513,1.13752070524,1.16881260283
VAL,514,1.02135201432,1.10987332468
PHE,515,0.929180604516,1.05187708199
VAL,516,1.06871637505,1.06036041302
ASP,517,0.790768288576,0.939658126782
GLU,518,0.947194409653,1.0889047931
VAL,519,1.27837680012,1.26002949081
PRO,520,1.21850743507,1.28783729516
LYS,521,1.38616469846,1.41853338404
GLY,522,1.40074840591,1.46926014418
LEU,523,1.49464758014,1.53176202305
THR,524,1.63623050275,1.65417006184
GLY,525,1.57527624907,1.61194739105
LYS,526,1.55981171321,1.54348817784
LEU,527,1.42278142107,1.47266849671
ASP,528,1.2979181483,1.38356432448
ALA,529,1.29484218003,1.36394563464
ARG,530,0.963061307158,1.17761257351
LYS,531,1.071371824,1.17105330962
ILE,532,1.29969865187,1.28409683629
ARG,533,1.00835589903,1.1774025141
GLU,534,0.829176644918,1.00270305175
ILE,535,0.905958465352,1.0174520204
LEU,536,1.14564530981,1.10648517396
ILE,537,0.875323339707,0.938375222403
LYS,538,0.59040109034,0.676386406286
